Dominio,DR,Trafego/mes,Tipo,Angulo sugerido,Assunto do email,Corpo do email pronto
hostingersite.com,92.0,21015,editorial,Pacote familia completa em Rio Quente Resorts + Hot Park,Proposta de conteudo: Aviva para publico familiar (DR 92.0),"Ola,

Sou da Ivoire, agencia responsavel pelo marketing digital da Aviva (Rio Quente Resorts, Costa do Sauipe, Hot Park).
Tenho um material exclusivo sobre ferias em familia que pode interessar seu publico do hostingersite.com. Inclui dados ineditos sobre comportamento de viagem pos-pandemia e imagens HD do resort.

Posso enviar em PDF com assets em alta?

Obrigado,
Ivoire — marketing growth company | www.ivoire.ag"
globo.com,91.0,213038240,imprensa nacional,Pacote familia completa em Rio Quente Resorts + Hot Park,Proposta de conteudo: Aviva para publico familiar (DR 91.0),"Ola,

Sou da Ivoire, agencia responsavel pelo marketing digital da Aviva (Rio Quente Resorts, Costa do Sauipe, Hot Park).
Tenho um material exclusivo sobre ferias em familia que pode interessar seu publico do globo.com. Inclui dados ineditos sobre comportamento de viagem pos-pandemia e imagens HD do resort.

Posso enviar em PDF com assets em alta?

Obrigado,
Ivoire — marketing growth company | www.ivoire.ag"
crunchbase.com,91.0,1480743,editorial,Pacote familia completa em Rio Quente Resorts + Hot Park,Proposta de conteudo: Aviva para publico familiar (DR 91.0),"Ola,

Sou da Ivoire, agencia responsavel pelo marketing digital da Aviva (Rio Quente Resorts, Costa do Sauipe, Hot Park).
Tenho um material exclusivo sobre ferias em familia que pode interessar seu publico do crunchbase.com. Inclui dados ineditos sobre comportamento de viagem pos-pandemia e imagens HD do resort.

Posso enviar em PDF com assets em alta?

Obrigado,
Ivoire — marketing growth company | www.ivoire.ag"
abril.com.br,89.0,13650600,imprensa nacional,Pacote familia completa em Rio Quente Resorts + Hot Park,Proposta de conteudo: Aviva para publico familiar (DR 89.0),"Ola,

Sou da Ivoire, agencia responsavel pelo marketing digital da Aviva (Rio Quente Resorts, Costa do Sauipe, Hot Park).
Tenho um material exclusivo sobre ferias em familia que pode interessar seu publico do abril.com.br. Inclui dados ineditos sobre comportamento de viagem pos-pandemia e imagens HD do resort.

Posso enviar em PDF com assets em alta?

Obrigado,
Ivoire — marketing growth company | www.ivoire.ag"
gupy.io,85.0,3544406,editorial,Pacote familia completa em Rio Quente Resorts + Hot Park,Proposta de conteudo: Aviva para publico familiar (DR 85.0),"Ola,

Sou da Ivoire, agencia responsavel pelo marketing digital da Aviva (Rio Quente Resorts, Costa do Sauipe, Hot Park).
Tenho um material exclusivo sobre ferias em familia que pode interessar seu publico do gupy.io. Inclui dados ineditos sobre comportamento de viagem pos-pandemia e imagens HD do resort.

Posso enviar em PDF com assets em alta?

Obrigado,
Ivoire — marketing growth company | www.ivoire.ag"
ig.com.br,83.0,2838345,editorial,Pacote familia completa em Rio Quente Resorts + Hot Park,Proposta de conteudo: Aviva para publico familiar (DR 83.0),"Ola,

Sou da Ivoire, agencia responsavel pelo marketing digital da Aviva (Rio Quente Resorts, Costa do Sauipe, Hot Park).
Tenho um material exclusivo sobre ferias em familia que pode interessar seu publico do ig.com.br. Inclui dados ineditos sobre comportamento de viagem pos-pandemia e imagens HD do resort.

Posso enviar em PDF com assets em alta?

Obrigado,
Ivoire — marketing growth company | www.ivoire.ag"
r7.com,82.0,2666959,editorial,Pacote familia completa em Rio Quente Resorts + Hot Park,Proposta de conteudo: Aviva para publico familiar (DR 82.0),"Ola,

Sou da Ivoire, agencia responsavel pelo marketing digital da Aviva (Rio Quente Resorts, Costa do Sauipe, Hot Park).
Tenho um material exclusivo sobre ferias em familia que pode interessar seu publico do r7.com. Inclui dados ineditos sobre comportamento de viagem pos-pandemia e imagens HD do resort.

Posso enviar em PDF com assets em alta?

Obrigado,
Ivoire — marketing growth company | www.ivoire.ag"
em.com.br,79.0,1519457,editorial,Pacote familia completa em Rio Quente Resorts + Hot Park,Proposta de conteudo: Aviva para publico familiar (DR 79.0),"Ola,

Sou da Ivoire, agencia responsavel pelo marketing digital da Aviva (Rio Quente Resorts, Costa do Sauipe, Hot Park).
Tenho um material exclusivo sobre ferias em familia que pode interessar seu publico do em.com.br. Inclui dados ineditos sobre comportamento de viagem pos-pandemia e imagens HD do resort.

Posso enviar em PDF com assets em alta?

Obrigado,
Ivoire — marketing growth company | www.ivoire.ag"
buybacklinks.agency,79.0,0,editorial,Pacote familia completa em Rio Quente Resorts + Hot Park,Proposta de conteudo: Aviva para publico familiar (DR 79.0),"Ola,

Sou da Ivoire, agencia responsavel pelo marketing digital da Aviva (Rio Quente Resorts, Costa do Sauipe, Hot Park).
Tenho um material exclusivo sobre ferias em familia que pode interessar seu publico do buybacklinks.agency. Inclui dados ineditos sobre comportamento de viagem pos-pandemia e imagens HD do resort.

Posso enviar em PDF com assets em alta?

Obrigado,
Ivoire — marketing growth company | www.ivoire.ag"
itxoft-professional-seo-services.site,75.0,0,editorial,Pacote familia completa em Rio Quente Resorts + Hot Park,Proposta de conteudo: Aviva para publico familiar (DR 75.0),"Ola,

Sou da Ivoire, agencia responsavel pelo marketing digital da Aviva (Rio Quente Resorts, Costa do Sauipe, Hot Park).
Tenho um material exclusivo sobre ferias em familia que pode interessar seu publico do itxoft-professional-seo-services.site. Inclui dados ineditos sobre comportamento de viagem pos-pandemia e imagens HD do resort.

Posso enviar em PDF com assets em alta?

Obrigado,
Ivoire — marketing growth company | www.ivoire.ag"
example3.com,75.0,0,editorial,Pacote familia completa em Rio Quente Resorts + Hot Park,Proposta de conteudo: Aviva para publico familiar (DR 75.0),"Ola,

Sou da Ivoire, agencia responsavel pelo marketing digital da Aviva (Rio Quente Resorts, Costa do Sauipe, Hot Park).
Tenho um material exclusivo sobre ferias em familia que pode interessar seu publico do example3.com. Inclui dados ineditos sobre comportamento de viagem pos-pandemia e imagens HD do resort.

Posso enviar em PDF com assets em alta?

Obrigado,
Ivoire — marketing growth company | www.ivoire.ag"
glassdoor.com.br,75.0,1774132,editorial,Pacote familia completa em Rio Quente Resorts + Hot Park,Proposta de conteudo: Aviva para publico familiar (DR 75.0),"Ola,

Sou da Ivoire, agencia responsavel pelo marketing digital da Aviva (Rio Quente Resorts, Costa do Sauipe, Hot Park).
Tenho um material exclusivo sobre ferias em familia que pode interessar seu publico do glassdoor.com.br. Inclui dados ineditos sobre comportamento de viagem pos-pandemia e imagens HD do resort.

Posso enviar em PDF com assets em alta?

Obrigado,
Ivoire — marketing growth company | www.ivoire.ag"
theorg.com,75.0,81146,editorial,Pacote familia completa em Rio Quente Resorts + Hot Park,Proposta de conteudo: Aviva para publico familiar (DR 75.0),"Ola,

Sou da Ivoire, agencia responsavel pelo marketing digital da Aviva (Rio Quente Resorts, Costa do Sauipe, Hot Park).
Tenho um material exclusivo sobre ferias em familia que pode interessar seu publico do theorg.com. Inclui dados ineditos sobre comportamento de viagem pos-pandemia e imagens HD do resort.

Posso enviar em PDF com assets em alta?

Obrigado,
Ivoire — marketing growth company | www.ivoire.ag"
catracalivre.com.br,74.0,187972,editorial,Pacote familia completa em Rio Quente Resorts + Hot Park,Proposta de conteudo: Aviva para publico familiar (DR 74.0),"Ola,

Sou da Ivoire, agencia responsavel pelo marketing digital da Aviva (Rio Quente Resorts, Costa do Sauipe, Hot Park).
Tenho um material exclusivo sobre ferias em familia que pode interessar seu publico do catracalivre.com.br. Inclui dados ineditos sobre comportamento de viagem pos-pandemia e imagens HD do resort.

Posso enviar em PDF com assets em alta?

Obrigado,
Ivoire — marketing growth company | www.ivoire.ag"
contactout.com,74.0,160548,editorial,Pacote familia completa em Rio Quente Resorts + Hot Park,Proposta de conteudo: Aviva para publico familiar (DR 74.0),"Ola,

Sou da Ivoire, agencia responsavel pelo marketing digital da Aviva (Rio Quente Resorts, Costa do Sauipe, Hot Park).
Tenho um material exclusivo sobre ferias em familia que pode interessar seu publico do contactout.com. Inclui dados ineditos sobre comportamento de viagem pos-pandemia e imagens HD do resort.

Posso enviar em PDF com assets em alta?

Obrigado,
Ivoire — marketing growth company | www.ivoire.ag"
rankyour.website,74.0,0,editorial,Pacote familia completa em Rio Quente Resorts + Hot Park,Proposta de conteudo: Aviva para publico familiar (DR 74.0),"Ola,

Sou da Ivoire, agencia responsavel pelo marketing digital da Aviva (Rio Quente Resorts, Costa do Sauipe, Hot Park).
Tenho um material exclusivo sobre ferias em familia que pode interessar seu publico do rankyour.website. Inclui dados ineditos sobre comportamento de viagem pos-pandemia e imagens HD do resort.

Posso enviar em PDF com assets em alta?

Obrigado,
Ivoire — marketing growth company | www.ivoire.ag"
rank-top.click,74.0,0,editorial,Pacote familia completa em Rio Quente Resorts + Hot Park,Proposta de conteudo: Aviva para publico familiar (DR 74.0),"Ola,

Sou da Ivoire, agencia responsavel pelo marketing digital da Aviva (Rio Quente Resorts, Costa do Sauipe, Hot Park).
Tenho um material exclusivo sobre ferias em familia que pode interessar seu publico do rank-top.click. Inclui dados ineditos sobre comportamento de viagem pos-pandemia e imagens HD do resort.

Posso enviar em PDF com assets em alta?

Obrigado,
Ivoire — marketing growth company | www.ivoire.ag"
seoexpress.org,74.0,18,editorial,Pacote familia completa em Rio Quente Resorts + Hot Park,Proposta de conteudo: Aviva para publico familiar (DR 74.0),"Ola,

Sou da Ivoire, agencia responsavel pelo marketing digital da Aviva (Rio Quente Resorts, Costa do Sauipe, Hot Park).
Tenho um material exclusivo sobre ferias em familia que pode interessar seu publico do seoexpress.org. Inclui dados ineditos sobre comportamento de viagem pos-pandemia e imagens HD do resort.

Posso enviar em PDF com assets em alta?

Obrigado,
Ivoire — marketing growth company | www.ivoire.ag"
milled.com,74.0,32307,editorial,Pacote familia completa em Rio Quente Resorts + Hot Park,Proposta de conteudo: Aviva para publico familiar (DR 74.0),"Ola,

Sou da Ivoire, agencia responsavel pelo marketing digital da Aviva (Rio Quente Resorts, Costa do Sauipe, Hot Park).
Tenho um material exclusivo sobre ferias em familia que pode interessar seu publico do milled.com. Inclui dados ineditos sobre comportamento de viagem pos-pandemia e imagens HD do resort.

Posso enviar em PDF com assets em alta?

Obrigado,
Ivoire — marketing growth company | www.ivoire.ag"
inevent.com,73.0,4323,editorial,Pacote familia completa em Rio Quente Resorts + Hot Park,Proposta de conteudo: Aviva para publico familiar (DR 73.0),"Ola,

Sou da Ivoire, agencia responsavel pelo marketing digital da Aviva (Rio Quente Resorts, Costa do Sauipe, Hot Park).
Tenho um material exclusivo sobre ferias em familia que pode interessar seu publico do inevent.com. Inclui dados ineditos sobre comportamento de viagem pos-pandemia e imagens HD do resort.

Posso enviar em PDF com assets em alta?

Obrigado,
Ivoire — marketing growth company | www.ivoire.ag"
panrotas.com.br,71.0,34633,editorial,Pacote familia completa em Rio Quente Resorts + Hot Park,Proposta de conteudo: Aviva para publico familiar (DR 71.0),"Ola,

Sou da Ivoire, agencia responsavel pelo marketing digital da Aviva (Rio Quente Resorts, Costa do Sauipe, Hot Park).
Tenho um material exclusivo sobre ferias em familia que pode interessar seu publico do panrotas.com.br. Inclui dados ineditos sobre comportamento de viagem pos-pandemia e imagens HD do resort.

Posso enviar em PDF com assets em alta?

Obrigado,
Ivoire — marketing growth company | www.ivoire.ag"
pictame.com,71.0,1982,editorial,Pacote familia completa em Rio Quente Resorts + Hot Park,Proposta de conteudo: Aviva para publico familiar (DR 71.0),"Ola,

Sou da Ivoire, agencia responsavel pelo marketing digital da Aviva (Rio Quente Resorts, Costa do Sauipe, Hot Park).
Tenho um material exclusivo sobre ferias em familia que pode interessar seu publico do pictame.com. Inclui dados ineditos sobre comportamento de viagem pos-pandemia e imagens HD do resort.

Posso enviar em PDF com assets em alta?

Obrigado,
Ivoire — marketing growth company | www.ivoire.ag"
leadiq.com,71.0,46878,editorial,Pacote familia completa em Rio Quente Resorts + Hot Park,Proposta de conteudo: Aviva para publico familiar (DR 71.0),"Ola,

Sou da Ivoire, agencia responsavel pelo marketing digital da Aviva (Rio Quente Resorts, Costa do Sauipe, Hot Park).
Tenho um material exclusivo sobre ferias em familia que pode interessar seu publico do leadiq.com. Inclui dados ineditos sobre comportamento de viagem pos-pandemia e imagens HD do resort.

Posso enviar em PDF com assets em alta?

Obrigado,
Ivoire — marketing growth company | www.ivoire.ag"
sitelike.org,66.0,4887,editorial,Pacote familia completa em Rio Quente Resorts + Hot Park,Proposta de conteudo: Aviva para publico familiar (DR 66.0),"Ola,

Sou da Ivoire, agencia responsavel pelo marketing digital da Aviva (Rio Quente Resorts, Costa do Sauipe, Hot Park).
Tenho um material exclusivo sobre ferias em familia que pode interessar seu publico do sitelike.org. Inclui dados ineditos sobre comportamento de viagem pos-pandemia e imagens HD do resort.

Posso enviar em PDF com assets em alta?

Obrigado,
Ivoire — marketing growth company | www.ivoire.ag"
webscountry.com,65.0,0,editorial,Pacote familia completa em Rio Quente Resorts + Hot Park,Proposta de conteudo: Aviva para publico familiar (DR 65.0),"Ola,

Sou da Ivoire, agencia responsavel pelo marketing digital da Aviva (Rio Quente Resorts, Costa do Sauipe, Hot Park).
Tenho um material exclusivo sobre ferias em familia que pode interessar seu publico do webscountry.com. Inclui dados ineditos sobre comportamento de viagem pos-pandemia e imagens HD do resort.

Posso enviar em PDF com assets em alta?

Obrigado,
Ivoire — marketing growth company | www.ivoire.ag"
opopular.com.br,65.0,98523,editorial,Pacote familia completa em Rio Quente Resorts + Hot Park,Proposta de conteudo: Aviva para publico familiar (DR 65.0),"Ola,

Sou da Ivoire, agencia responsavel pelo marketing digital da Aviva (Rio Quente Resorts, Costa do Sauipe, Hot Park).
Tenho um material exclusivo sobre ferias em familia que pode interessar seu publico do opopular.com.br. Inclui dados ineditos sobre comportamento de viagem pos-pandemia e imagens HD do resort.

Posso enviar em PDF com assets em alta?

Obrigado,
Ivoire — marketing growth company | www.ivoire.ag"
mercadoeeventos.com.br,65.0,6192,editorial,Pacote familia completa em Rio Quente Resorts + Hot Park,Proposta de conteudo: Aviva para publico familiar (DR 65.0),"Ola,

Sou da Ivoire, agencia responsavel pelo marketing digital da Aviva (Rio Quente Resorts, Costa do Sauipe, Hot Park).
Tenho um material exclusivo sobre ferias em familia que pode interessar seu publico do mercadoeeventos.com.br. Inclui dados ineditos sobre comportamento de viagem pos-pandemia e imagens HD do resort.

Posso enviar em PDF com assets em alta?

Obrigado,
Ivoire — marketing growth company | www.ivoire.ag"
grow-fast.website,62.0,0,editorial,Pacote familia completa em Rio Quente Resorts + Hot Park,Proposta de conteudo: Aviva para publico familiar (DR 62.0),"Ola,

Sou da Ivoire, agencia responsavel pelo marketing digital da Aviva (Rio Quente Resorts, Costa do Sauipe, Hot Park).
Tenho um material exclusivo sobre ferias em familia que pode interessar seu publico do grow-fast.website. Inclui dados ineditos sobre comportamento de viagem pos-pandemia e imagens HD do resort.

Posso enviar em PDF com assets em alta?

Obrigado,
Ivoire — marketing growth company | www.ivoire.ag"
linkpitcherdirectory.com,61.0,0,editorial,Pacote familia completa em Rio Quente Resorts + Hot Park,Proposta de conteudo: Aviva para publico familiar (DR 61.0),"Ola,

Sou da Ivoire, agencia responsavel pelo marketing digital da Aviva (Rio Quente Resorts, Costa do Sauipe, Hot Park).
Tenho um material exclusivo sobre ferias em familia que pode interessar seu publico do linkpitcherdirectory.com. Inclui dados ineditos sobre comportamento de viagem pos-pandemia e imagens HD do resort.

Posso enviar em PDF com assets em alta?

Obrigado,
Ivoire — marketing growth company | www.ivoire.ag"
congresse.me,61.0,495,editorial,Pacote familia completa em Rio Quente Resorts + Hot Park,Proposta de conteudo: Aviva para publico familiar (DR 61.0),"Ola,

Sou da Ivoire, agencia responsavel pelo marketing digital da Aviva (Rio Quente Resorts, Costa do Sauipe, Hot Park).
Tenho um material exclusivo sobre ferias em familia que pode interessar seu publico do congresse.me. Inclui dados ineditos sobre comportamento de viagem pos-pandemia e imagens HD do resort.

Posso enviar em PDF com assets em alta?

Obrigado,
Ivoire — marketing growth company | www.ivoire.ag"

Total: 30 dominios DR>=40 | Fonte: Ahrefs refdomains-subdomains.csv | Gerado: 2026-04-29T10:11:05
